COUNTRY_OF_RECRUITMENT,total_country,Prop,ISO2,Trait,ISO3
American Samoa,43.8571428571429,3.35310332020203e-05,AS,All traits,ASM
Angola,6420.75,0.0049089924104987,AO,All traits,AGO
Argentina,5981.03575926306,0.00457280834001381,AR,All traits,ARG
Australia,5660380.06312838,4.3276506281097,AU,All traits,AUS
Austria,505997.640373952,0.386861126243193,AT,All traits,AUT
Bangladesh,74625.7095238095,0.0570551791738445,BD,All traits,BGD
Barbados,29050.6666666667,0.0222107233869243,BB,All traits,BRB
Belarus,90586.5514394962,0.0692580607420842,BY,All traits,BLR
Belgium,667911.511301881,0.510652577948939,BE,All traits,BEL
Benin,3128,0.00239151629638904,BJ,All traits,BEN
Bosnia and Herzegovina,3982.09090909091,0.0030445125648317,BA,All traits,BIH
Brazil,16377.2308679126,0.0125212322603384,BR,All traits,BRA
Bulgaria,156899.270543433,0.11995753273535,BG,All traits,BGR
Cambodia,54.75,4.18591806992647e-05,KH,All traits,KHM
Canada,1280921.88919908,0.979330425965802,CA,All traits,CAN
Chile,4681.62623545353,0.0035793431699775,CL,All traits,CHL
China,2357314.76977689,1.80228794361893,CN,All traits,CHN
Colombia,29893.7019904682,0.0228552670938626,CO,All traits,COL
Congo,2766,0.00211474874546422,CG,All traits,COG
Cook Islands,362.285714285714,0.000276985994137861,CK,All traits,COK
Costa Rica,9404.12575757576,0.0071899360621913,CR,All traits,CRI
Croatia,134238.916622267,0.102632530918082,HR,All traits,HRV
Cuba,6029.25714285714,0.00460967605890758,CU,All traits,CUB
Czech Republic,169744.20084386,0.129778140196811,CZ,All traits,CZE
Democratic Republic of the Congo,2372.66666666667,0.00181402525550908,CD,All traits,COD
Denmark,2430010.67108523,1.85786768551778,DK,All traits,DNK
Ecuador,40.3366013071895,3.08393987746456e-05,EC,All traits,ECU
Egypt,1746,0.00133490647490258,EG,All traits,EGY
Estonia,1632342.85981733,1.24800976679906,EE,All traits,EST
Ethiopia,2385.75,0.00182402813430632,ET,All traits,ETH
Faeroe Islands,212,0.000162084864077518,FO,All traits,FRO
Fiji,1262.78571428571,0.000965464390844489,FJ,All traits,FJI
Finland,3656450.664007,2.79554390981946,FI,All traits,FIN
France,1604392.21595472,1.22664006721721,FR,All traits,FRA
French Polynesia,1283.68571428571,0.000981443511878547,PF,All traits,PYF
Gambia,13562.3333333333,0.0103690988439025,GM,All traits,GMB
Georgia,25008.8714285714,0.0191205638029817,GE,All traits,GEO
Germany,3911917.75878591,2.99086159535492,DE,All traits,DEU
Ghana,13617.5833333333,0.0104113403002246,GH,All traits,GHA
Greece,1049088.42480643,0.80208186198136,GR,All traits,GRC
Greenland,9970,0.00762257591911725,GL,All traits,GRL
Guadeloupe,5138.66666666667,0.0039287740009733,GP,All traits,GLP
Guatemala,1083.37777777778,0.000828297829508089,GT,All traits,GTM
Honduras,1858.75,0.00142110962784947,HN,All traits,HND
Hungary,68294.8949739943,0.0522149470238125,HU,All traits,HUN
Iceland,12590503.9716787,9.6260854948915,IS,All traits,ISL
India,137653.412253194,0.105243087805969,IN,All traits,IND
Indonesia,7575.5,0.00579185796141151,ID,All traits,IDN
Iran (Islamic Republic of),6668.5,0.00509840998160816,IR,All traits,IRN
Israel,369820.655235838,0.282746842627167,IL,All traits,ISR
Italy,1798240.93548103,1.37484734719845,IT,All traits,ITA
Jamaica,6532.66666666667,0.00499455843740755,JM,All traits,JAM
Japan,4240693.75798732,3.24222769508375,JP,All traits,JPN
Jordan,945,0.000722500927137994,JO,All traits,JOR
Kenya,5589.45833333333,0.00427342733125134,KE,All traits,KEN
Latvia,51812.9793882411,0.0396136779320486,LV,All traits,LVA
Lebanon,10937,0.00836189697365951,LB,All traits,LBN
Lithuania,64271.1864016987,0.0491386156227366,LT,All traits,LTU
Malawi,4969.33333333333,0.00379930999004346,MW,All traits,MWI
Malaysia,24173.7581699346,0.0184820769208333,MY,All traits,MYS
Mauritius,9764.5,0.00746546063813645,MU,All traits,MUS
Mexico,49629.8353263626,0.037944552420109,MX,All traits,MEX
Mozambique,432.375,0.000330572844837344,MZ,All traits,MOZ
Namibia,397.375,0.000303813551239641,NA,All traits,NAM
Nepal,301,0.00023012992494025,NP,All traits,NPL
Netherlands,3573095.2009031,2.73181438667176,NL,All traits,NLD
New Caledonia,1283.68571428571,0.000981443511878547,NC,All traits,NCL
New Zealand,280398.198469953,0.214378791917845,NZ,All traits,NZL
Niger,1362,0.00104131879657349,NE,All traits,NER
Nigeria,38643.625,0.0295450316301301,NG,All traits,NGA
Norfolk Island,285,0.000217897105009871,NF,All traits,NFK
Norway,4880397.57303382,3.73131404372376,NO,All traits,NOR
Pakistan,239327.278180944,0.182977968650947,PK,All traits,PAK
Peru,8387.37623545353,0.00641257894854006,PE,All traits,PER
Philippines,114652.750745257,0.0876579033993332,PH,All traits,PHL
Poland,666786.442788832,0.509792405415848,PL,All traits,POL
Portugal,165266.282467711,0.126354542124413,PT,All traits,PRT
Puerto Rico,19556.3333333333,0.0149518190103206,PR,All traits,PRI
Qatar,1480.5,0.00113191811918286,QA,All traits,QAT
Republic of Ireland,638089.923561559,0.487852445894855,IE,All traits,IRL
Republic of Korea,883895.269629478,0.675783229418185,KR,All traits,KOR
Romania,65591.6374793567,0.0501481681389782,RO,All traits,ROU
Russian Federation,230547.818469509,0.176265621792447,RU,All traits,RUS
Samoa,318.428571428571,0.000243454960935841,WS,All traits,WSM
Saudi Arabia,14878.5,0.0113753757083838,SA,All traits,SAU
Senegal,852.5,0.000651779936915492,SN,All traits,SEN
Serbia,26375.919047619,0.0201657417629856,RS,All traits,SRB
Singapore,316985.888888889,0.242351956203051,SG,All traits,SGP
Slovakia,30099.168194113,0.0230123565357979,SK,All traits,SVK
Slovenia,6887.7,0.00526599961465435,SI,All traits,SVN
South Africa,43462.9003662328,0.0332296146145074,ZA,All traits,ZAF
Spain,1824284.49835565,1.39475898563537,ES,All traits,ESP
Sri Lanka,26104.1,0.0199579221715375,LK,All traits,LKA
Sudan,397.375,0.000303813551239641,SD,All traits,SDN
Suriname,0.2,1.52910249129734e-07,SR,All traits,SUR
Sweden,4388023.70043047,3.35486898610001,SE,All traits,SWE
Switzerland,597015.000331205,0.456448562174164,CH,All traits,CHE
Thailand,6877.94241192412,0.00525853943853641,TH,All traits,THA
The former Yugoslav Republic of Macedonia,53506.3563157895,0.0409083513713585,MK,All traits,MKD
Tonga,362.285714285714,0.000276985994137861,TO,All traits,TON
Turkey,12735.1289198606,0.00973665867917585,TR,All traits,TUR
Uganda,9250.04166666667,0.00707213087855211,UG,All traits,UGA
Ukraine,23193.5324912892,0.0177326441572081,UA,All traits,UKR
United Arab Emirates,3732.06623376623,0.00285335588786932,AE,All traits,ARE
United Kingdom,45224862.7021708,34.5767251132348,GB,All traits,GBR
United Republic of Tanzania,2127,0.00162620049949472,TZ,All traits,TZA
United States,21334042.3328427,16.3109686402964,US,All traits,USA
Vanuatu,362.285714285714,0.000276985994137861,VU,All traits,VUT
Venezuela,40.3366013071895,3.08393987746456e-05,VE,All traits,VEN
Viet Nam,9708.35,0.00742253108569327,VN,All traits,VNM
Zambia,397.375,0.000303813551239641,ZM,All traits,ZMB
Argentina,1363.19047619048,0.00544724448010215,AR,Cancer,ARG
Australia,1902956.43248408,7.60412363772659,AU,Cancer,AUS
Austria,94456.0806534233,0.377442017779729,AT,Cancer,AUT
Barbados,11751.3333333333,0.0469577705771002,BB,Cancer,BRB
Belarus,90586.5514394962,0.361979562591469,BY,Cancer,BLR
Belgium,220847.450529921,0.882495936448759,BE,Cancer,BEL
Brazil,1579.19047619048,0.0063103702341715,BR,Cancer,BRA
Bulgaria,58739.8872818358,0.234721803259645,BG,Cancer,BGR
Canada,437884.784486359,1.74976682780224,CA,Cancer,CAN
China,769374.758169935,3.07438503845995,CN,Cancer,CHN
Colombia,22654.2873563218,0.0905254576728198,CO,Cancer,COL
Congo,2766,0.0110528047951659,CG,Cancer,COG
Croatia,24081.6323953824,0.0962290607429878,HR,Cancer,HRV
Cuba,6029.25714285714,0.0240926255458639,CU,Cancer,CUB
Czech Republic,79736.7290647342,0.31862418704177,CZ,Cancer,CZE
Democratic Republic of the Congo,2372.66666666667,0.00948106345287908,CD,Cancer,COD
Denmark,248265.323071269,0.992056454560926,DK,Cancer,DNK
Estonia,18749.6339285714,0.0749226477922339,EE,Cancer,EST
Finland,387212.330040688,1.54728210347833,FI,Cancer,FIN
France,549308.354971313,2.19501013009819,FR,Cancer,FRA
French Polynesia,921.4,0.00368187069351621,PF,Cancer,PYF
Germany,950587.929505113,3.79850427529317,DE,Cancer,DEU
Ghana,8576.83333333333,0.0342726191590763,GH,Cancer,GHA
Greece,342229.928927912,1.36753456236576,GR,Cancer,GRC
Guadeloupe,5138.66666666667,0.020533868248045,GP,Cancer,GLP
Guatemala,682.5,0.00272723762570524,GT,Cancer,GTM
Hungary,47703.7191260618,0.190621798808308,HU,Cancer,HUN
Iceland,2588628.01024593,10.3440347377248,IS,Cancer,ISL
Indonesia,308,0.00123075339006185,ID,Cancer,IDN
Iran (Islamic Republic of),515,0.00205791557104498,IR,Cancer,IRN
Israel,216438.202506453,0.864876790499063,IL,Cancer,ISR
Italy,545403.58457643,2.17940685282249,IT,Cancer,ITA
Jamaica,79,0.000315680252645735,JM,Cancer,JAM
Japan,1188708.87986111,4.75002429768082,JP,Cancer,JPN
Latvia,35955.382897013,0.143676004517762,LV,Cancer,LVA
Lithuania,38010.3114684416,0.151887401613933,LT,Cancer,LTU
Malaysia,9060.75816993464,0.0362063598512263,MY,Cancer,MYS
Mexico,10705.8333333333,0.0427800021702506,MX,Cancer,MEX
Netherlands,915138.51444656,3.65685009425738,NL,Cancer,NLD
New Caledonia,921.4,0.00368187069351621,NC,Cancer,NCL
New Zealand,193988.885709898,0.77517038546032,NZ,Cancer,NZL
Niger,1362,0.00544248739371508,NE,Cancer,NER
Nigeria,1362,0.00544248739371508,NG,Cancer,NGA
Norway,503365.787503937,2.01142580977801,NO,Cancer,NOR
Pakistan,18879.6206896552,0.0754420687236202,PK,Cancer,PAK
Poland,230982.380711912,0.92299463670696,PL,Cancer,POL
Portugal,89720.1336125166,0.35851739805327,PT,Cancer,PRT
Puerto Rico,10762.25,0.0430054404941337,PR,Cancer,PRI
Qatar,329.5,0.00131666637021228,QA,Cancer,QAT
Republic of Ireland,82643.9964277243,0.330241489518446,IE,Cancer,IRL
Republic of Korea,270232.424836601,1.07983595120871,KR,Cancer,KOR
Romania,25708.0751179376,0.102728248712229,RO,Cancer,ROU
Russian Federation,108897.498255592,0.435149237491315,RU,Cancer,RUS
Saudi Arabia,329.5,0.00131666637021228,SA,Cancer,SAU
Senegal,852.5,0.00340654956177835,SN,Cancer,SEN
Serbia,1338.21428571429,0.00534744080770149,RS,Cancer,SRB
Singapore,15554.8611111111,0.0621564871572769,SG,Cancer,SGP
Slovakia,24369.8608322233,0.0973808079045274,SK,Cancer,SVK
South Africa,36438.382897013,0.145606049606723,ZA,Cancer,ZAF
Spain,567632.240528811,2.26823150759493,ES,Cancer,ESP
Sweden,798203.238302932,3.18958227759638,SE,Cancer,SWE
Thailand,4588.77777777778,0.0183365383319497,TH,Cancer,THA
The former Yugoslav Republic of Macedonia,49140.0563157895,0.196361334086001,MK,Cancer,MKD
Uganda,3412.66666666667,0.0136368541206204,UG,Cancer,UGA
Ukraine,614.071428571429,0.00245380030017666,UA,Cancer,UKR
United Kingdom,6619167.97038588,26.4498812303288,GB,Cancer,GBR
United States,3529015.46784733,14.1017784111487,US,Cancer,USA
Argentina,2566.39880952381,0.0142788409130381,AR,Chronic respiratory disease,ARG
Australia,200731.595436508,1.11682350647211,AU,Chronic respiratory disease,AUS
Austria,145513.512987013,0.809603049583861,AT,Chronic respiratory disease,AUT
Barbados,16268.3333333333,0.0905131902044653,BB,Chronic respiratory disease,BRB
Belgium,15644.2410714286,0.0870408872678653,BE,Chronic respiratory disease,BEL
Brazil,3750.52380952381,0.0208670346237765,BR,Chronic respiratory disease,BRA
Bulgaria,774.6,0.00430969268306806,BG,Chronic respiratory disease,BGR
Canada,214529.712103175,1.19359299064259,CA,Chronic respiratory disease,CAN
Chile,506.875,0.00282013358989171,CL,Chronic respiratory disease,CHL
China,239834.5,1.33438289413541,CN,Chronic respiratory disease,CHN
Colombia,1284,0.00714387478060855,CO,Chronic respiratory disease,COL
Costa Rica,8405.91666666667,0.046768548351166,CR,Chronic respiratory disease,CRI
Croatia,2950.6323953824,0.0164166264456534,HR,Chronic respiratory disease,HRV
Cuba,1363.19047619048,0.0075844720124789,CU,Chronic respiratory disease,CUB
Czech Republic,38473.285966811,0.21405633749645,CZ,Chronic respiratory disease,CZE
Denmark,163909.877579365,0.911956106488989,DK,Chronic respiratory disease,DNK
Estonia,66878.5040584416,0.372096307249165,EE,Chronic respiratory disease,EST
Finland,565624.719137807,3.14700324481104,FI,Chronic respiratory disease,FIN
France,214554.074350649,1.19372853647229,FR,Chronic respiratory disease,FRA
Germany,325312.649747475,1.809963266623,DE,Chronic respiratory disease,DEU
Greece,43221.3693001443,0.240473559288684,GR,Chronic respiratory disease,GRC
Honduras,1858.75,0.0103416489473958,HN,Chronic respiratory disease,HND
Hungary,13888.7281746032,0.0772736253436722,HU,Chronic respiratory disease,HUN
Iceland,1315532.6159632,7.31931485844823,IS,Chronic respiratory disease,ISL
Iran (Islamic Republic of),1053.5,0.0058614268546504,IR,Chronic respiratory disease,IRN
Israel,23033.3976190476,0.128152420843024,IL,Chronic respiratory disease,ISR
Italy,135593.002633478,0.754407657274369,IT,Chronic respiratory disease,ITA
Jamaica,3172.66666666667,0.0176519730430509,JM,Chronic respiratory disease,JAM
Japan,273595.26875,1.52221989136834,JP,Chronic respiratory disease,JPN
Malaysia,6120,0.0340502442814053,MY,Chronic respiratory disease,MYS
Mexico,11097.5416666667,0.0617441184106329,MX,Chronic respiratory disease,MEX
Nepal,301,0.00167469338704297,NP,Chronic respiratory disease,NPL
Netherlands,359278.103625541,1.99893908389048,NL,Chronic respiratory disease,NLD
New Zealand,1922,0.010693557109291,NZ,Chronic respiratory disease,NZL
Norway,227571.703715729,1.26615557239479,NO,Chronic respiratory disease,NOR
Peru,411.875,0.00229157587637317,PE,Chronic respiratory disease,PER
Philippines,99.875,0.000555681069870155,PH,Chronic respiratory disease,PHL
Poland,150296.982142857,0.836217149791224,PL,Chronic respiratory disease,POL
Puerto Rico,7278.08333333333,0.0404935482680432,PR,Chronic respiratory disease,PRI
Republic of Ireland,4303.44047619048,0.0239433332458779,IE,Chronic respiratory disease,IRL
Republic of Korea,84682.5178571429,0.471153663300683,KR,Chronic respiratory disease,KOR
Romania,10490.6121031746,0.0583673047017258,RO,Chronic respiratory disease,ROU
Russian Federation,90391.8740079365,0.502919181539909,RU,Chronic respiratory disease,RUS
Serbia,1338.21428571429,0.00744551034794733,RS,Chronic respiratory disease,SRB
Singapore,5541.5,0.0308316059943476,SG,Chronic respiratory disease,SGP
Slovakia,9052.52281746032,0.0503661132839083,SK,Chronic respiratory disease,SVK
South Africa,99.875,0.000555681069870155,ZA,Chronic respiratory disease,ZAF
Spain,250677.387247475,1.39471017509819,ES,Chronic respiratory disease,ESP
Sweden,267707.431295094,1.48946134502377,SE,Chronic respiratory disease,SWE
Switzerland,156442.700487013,0.870410484906129,CH,Chronic respiratory disease,CHE
Turkey,1053.5,0.0058614268546504,TR,Chronic respiratory disease,TUR
Ukraine,874.475,0.00486537375293821,UA,Chronic respiratory disease,UKR
United Kingdom,10243560.7857997,56.9927691287426,GB,Chronic respiratory disease,GBR
United States,2043018.89404762,11.3668778454,US,Chronic respiratory disease,USA
American Samoa,43.8571428571429,0.000135431456583409,AS,CVD,ASM
Argentina,1062.41463414634,0.00328075091135432,AR,CVD,ARG
Australia,683599.440695177,2.11096441632136,AU,CVD,AUS
Austria,110880.016176471,0.342399005463841,AT,CVD,AUT
Bangladesh,45369.1666666667,0.140100606773598,BD,CVD,BGD
Barbados,1031,0.0031837420917344,BB,CVD,BRB
Belgium,238636.129764441,0.736911630397325,BE,CVD,BEL
Brazil,8856.41463414634,0.0273487294399459,BR,CVD,BRA
Bulgaria,1062.41463414634,0.00328075091135432,BG,CVD,BGR
Canada,326026.386979448,1.00677393912954,CA,CVD,CAN
Chile,1062.41463414634,0.00328075091135432,CL,CVD,CHL
China,320262.877235772,0.98897614226527,CN,CVD,CHN
Colombia,5707.41463414634,0.0176245743993332,CO,CVD,COL
Cook Islands,362.285714285714,0.0011187432374447,CK,CVD,COK
Croatia,68246.1919191919,0.210745173437163,HR,CVD,HRV
Czech Republic,6894.74796747967,0.021291075961169,CZ,CVD,CZE
Denmark,614261.031820718,1.89684646199789,DK,CVD,DNK
Estonia,641543.560341217,1.98109528296749,EE,CVD,EST
Fiji,1262.78571428571,0.00389949954550176,FJ,CVD,FJI
Finland,868251.598124523,2.6811728022936,FI,CVD,FIN
France,546545.02904294,1.68773851987605,FR,CVD,FRA
French Polynesia,362.285714285714,0.0011187432374447,PF,CVD,PYF
Germany,1371276.22835751,4.2345197358066,DE,CVD,DEU
Greece,159833.99796748,0.493569570338753,GR,CVD,GRC
Hungary,4549.30352303523,0.0140483114591298,HU,CVD,HUN
Iceland,1814327.68210721,5.60266868062426,IS,CVD,ISL
India,43445.781300813,0.134161166474962,IN,CVD,IND
Iran (Islamic Republic of),2855.5,0.00881782302904711,IR,CVD,IRN
Israel,3142.58130081301,0.00970433400979224,IL,CVD,ISR
Italy,376246.369663431,1.16185393206569,IT,CVD,ITA
Jamaica,3281,0.010131772844792,JM,CVD,JAM
Japan,972234.150050813,3.00227234387816,JP,CVD,JPN
Kenya,397.375,0.00122709943133167,KE,CVD,KEN
Latvia,586.666666666667,0.00181163468524169,LV,CVD,LVA
Lebanon,6987,0.0215759514984949,LB,CVD,LBN
Lithuania,94,0.000290273284794407,LT,CVD,LTU
Malaysia,771,0.00238085853804774,MY,CVD,MYS
Mexico,1062.41463414634,0.00328075091135432,MX,CVD,MEX
Mozambique,397.375,0.00122709943133167,MZ,CVD,MOZ
Namibia,397.375,0.00122709943133167,NA,CVD,NAM
Nepal,301,0.000929492114075706,NP,CVD,NPL
Netherlands,1220718.22900687,3.76959457598121,NL,CVD,NLD
New Caledonia,362.285714285714,0.0011187432374447,NC,CVD,NCL
New Zealand,25188.6,0.0777827410784297,NZ,CVD,NZL
Nigeria,36194.875,0.111770268712478,NG,CVD,NGA
Norfolk Island,285,0.000880083895387296,NF,CVD,NFK
Norway,2033531.53992275,6.27957318964259,NO,CVD,NOR
Pakistan,142375.94796748,0.439658873321679,PK,CVD,PAK
Peru,1062.41463414634,0.00328075091135432,PE,CVD,PER
Philippines,53670.6146341463,0.165735591561579,PH,CVD,PHL
Poland,144826.899750011,0.447227445925807,PL,CVD,POL
Portugal,794.25,0.00245265485582933,PT,CVD,PRT
Puerto Rico,570,0.00176016779077459,PR,CVD,PRI
Republic of Ireland,182049.63989899,0.56217177626722,IE,CVD,IRL
Republic of Korea,245346.506300813,0.75763336485924,KR,CVD,KOR
Romania,1062.41463414634,0.00328075091135432,RO,CVD,ROU
Russian Federation,1062.41463414634,0.00328075091135432,RU,CVD,RUS
Samoa,318.428571428571,0.000983311780861295,WS,CVD,WSM
Saudi Arabia,12609,0.0389367643401348,SA,CVD,SAU
Singapore,81397,0.25135504853628,SG,CVD,SGP
Slovakia,1062.41463414634,0.00328075091135432,SK,CVD,SVK
Slovenia,877.5,0.00270973199369247,SI,CVD,SVN
South Africa,2514.78963414634,0.007765704762453,ZA,CVD,ZAF
Spain,528733.77853789,1.63273713487182,ES,CVD,ESP
Sri Lanka,6625.2,0.0204587081534032,LK,CVD,LKA
Sudan,397.375,0.00122709943133167,SD,CVD,SDN
Suriname,0.2,6.1760273360512e-07,SR,CVD,SUR
Sweden,1454290.55998089,4.4908691265016,SE,CVD,SWE
Switzerland,152378.408059588,0.470546606799989,CH,CVD,CHE
Thailand,1062.41463414634,0.00328075091135432,TH,CVD,THA
Tonga,362.285714285714,0.0011187432374447,TO,CVD,TON
Turkey,9534.08130081301,0.0294413733689779,TR,CVD,TUR
Uganda,3678.375,0.0113588722761237,UG,CVD,UGA
Ukraine,1062.41463414634,0.00328075091135432,UA,CVD,UKR
United Kingdom,11488179.2677919,35.4756545996699,GB,CVD,GBR
United Republic of Tanzania,1213,0.00374576057931505,TZ,CVD,TZA
United States,5283948.7040324,16.3169058191982,US,CVD,USA
Vanuatu,362.285714285714,0.0011187432374447,VU,CVD,VUT
Viet Nam,9653.6,0.0298104487456519,VN,CVD,VNM
Zambia,397.375,0.00122709943133167,ZM,CVD,ZMB
Australia,229701.360868298,1.28683619971559,AU,Diabetes and CKD,AUS
Austria,74215.8827838828,0.415773264029148,AT,Diabetes and CKD,AUT
Bangladesh,27611.5428571429,0.154685774364838,BD,Diabetes and CKD,BGD
Belgium,25283.5952380952,0.141644113419043,BE,Diabetes and CKD,BEL
Benin,2353,0.0131820097472861,BJ,Diabetes and CKD,BEN
Canada,71764.8244047619,0.402041910248979,CA,Diabetes and CKD,CAN
China,494012.112942613,2.76756161839648,CN,Diabetes and CKD,CHN
Croatia,41038.4923076923,0.229906419725425,HR,Diabetes and CKD,HRV
Czech Republic,213.0625,0.00119362173896351,CZ,Diabetes and CKD,CZE
Denmark,115329.992424242,0.646103308240882,DK,Diabetes and CKD,DNK
Estonia,186300.436625874,1.04369493052526,EE,Diabetes and CKD,EST
Finland,755840.832697303,4.23438216065137,FI,Diabetes and CKD,FIN
France,279390.397132035,1.56520481865389,FR,Diabetes and CKD,FRA
Germany,391881.92234016,2.19540642587046,DE,Diabetes and CKD,DEU
Ghana,1086.75,0.00608820615931286,GH,Diabetes and CKD,GHA
Greece,226234.21038961,1.26741248046129,GR,Diabetes and CKD,GRC
Greenland,9970,0.0558540744498268,GL,Diabetes and CKD,GRL
Hungary,213.0625,0.00119362173896351,HU,Diabetes and CKD,HUN
Iceland,551267.561818182,3.0883189006587,IS,Diabetes and CKD,ISL
India,59732.4428571429,0.334633932839807,IN,Diabetes and CKD,IND
Italy,824405.549612887,4.61849638364379,IT,Diabetes and CKD,ITA
Japan,878092.113194445,4.91926000643613,JP,Diabetes and CKD,JPN
Jordan,281,0.00157422215851568,JO,Diabetes and CKD,JOR
Kenya,1086.75,0.00608820615931286,KE,Diabetes and CKD,KEN
Latvia,13533.3333333333,0.0758166306473743,LV,Diabetes and CKD,LVA
Lebanon,3286,0.0184088754906851,LB,Diabetes and CKD,LBN
Lithuania,13159.7291666667,0.0737236201218211,LT,Diabetes and CKD,LTU
Mauritius,9764.5,0.054702819454898,MU,Diabetes and CKD,MUS
Mexico,23677.5,0.13264642405073,MX,Diabetes and CKD,MEX
Netherlands,526803.42234016,2.95126555384261,NL,Diabetes and CKD,NLD
New Zealand,213.0625,0.00119362173896351,NZ,Diabetes and CKD,NZL
Nigeria,1086.75,0.00608820615931286,NG,Diabetes and CKD,NGA
Norway,340594.034632035,1.90808069884699,NO,Diabetes and CKD,NOR
Pakistan,64655.0428571429,0.362211391905677,PK,Diabetes and CKD,PAK
Philippines,60458.9111111111,0.338703763526124,PH,Diabetes and CKD,PHL
Poland,61957.3244047619,0.347098195588329,PL,Diabetes and CKD,POL
Puerto Rico,570,0.00319326202972931,PR,Diabetes and CKD,PRI
Republic of Ireland,182422.629166667,1.02197062294966,IE,Diabetes and CKD,IRL
Republic of Korea,170904.653968254,0.957444460036583,KR,Diabetes and CKD,KOR
Romania,12946.6666666667,0.0725299983828576,RO,Diabetes and CKD,ROU
Russian Federation,213.0625,0.00119362173896351,RU,Diabetes and CKD,RUS
Singapore,205494.277777778,1.15122293781478,SG,Diabetes and CKD,SGP
Slovakia,213.0625,0.00119362173896351,SK,Diabetes and CKD,SVK
South Africa,1086.75,0.00608820615931286,ZA,Diabetes and CKD,ZAF
Spain,200889.661904762,1.12542689390462,ES,Diabetes and CKD,ESP
Sri Lanka,19478.9,0.109124967984025,LK,Diabetes and CKD,LKA
Sweden,537386.006506827,3.01055145594056,SE,Diabetes and CKD,SWE
Switzerland,94535.5923076923,0.529608626972148,CH,Diabetes and CKD,CHE
United Arab Emirates,493,0.00276189154501149,AE,Diabetes and CKD,ARE
United Kingdom,3775670.13839242,21.1521124380901,GB,Diabetes and CKD,GBR
United States,6281284.51274781,35.1891005833059,US,Diabetes and CKD,USA
Argentina,3129.36517273576,0.0129652440579955,AR,Digestive diseases,ARG
Australia,887054.172781024,3.67514598263229,AU,Digestive diseases,AUS
Austria,73885.2992753623,0.306113503706458,AT,Digestive diseases,AUT
Bangladesh,29256.5428571429,0.121212513560523,BD,Digestive diseases,BGD
Belgium,63338.8120671457,0.262418449578429,BE,Digestive diseases,BEL
Benin,775,0.00321089537024605,BJ,Digestive diseases,BEN
Brazil,3842.94047619048,0.0159216513330725,BR,Digestive diseases,BRA
Cambodia,54.75,0.000226834221317382,KH,Digestive diseases,KHM
Canada,283361.317851639,1.17399166915696,CA,Digestive diseases,CAN
Chile,3112.33660130719,0.0128946931403672,CL,Digestive diseases,CHL
China,956843.375396825,3.96428898595132,CN,Digestive diseases,CHN
Croatia,32113.796031746,0.133050372902399,HR,Digestive diseases,HRV
Cuba,5323.85714285714,0.022057223550776,CU,Digestive diseases,CUB
Czech Republic,39925.9150464731,0.1654166913233,CZ,Digestive diseases,CZE
Denmark,225084.058183121,0.932543690756615,DK,Digestive diseases,DNK
Ecuador,40.3366013071895,0.000167118201791891,EC,Digestive diseases,ECU
Egypt,169,0.000700182345253655,EG,Digestive diseases,EGY
Estonia,430391.660260211,1.78315172815745,EE,Digestive diseases,EST
Ethiopia,1382.75,0.005728858804139,ET,Digestive diseases,ETH
Finland,979890.067328551,4.0597735232714,FI,Digestive diseases,FIN
France,237438.531033882,0.983729393567372,FR,Digestive diseases,FRA
Gambia,13562.3333333333,0.0561899784641725,GM,Digestive diseases,GMB
Germany,784348.186066757,3.24962575393889,DE,Digestive diseases,DEU
Ghana,5040.75,0.0208842849517004,GH,Digestive diseases,GHA
Greece,100358.186099649,0.415793077566006,GR,Digestive diseases,GRC
Greenland,2948,0.0122138316793359,GL,Digestive diseases,GRL
Guatemala,400.877777777778,0.00166087303316283,GT,Digestive diseases,GTM
Hungary,1922.91574675325,0.007966814540159,HU,Digestive diseases,HUN
Iceland,2812593.24848485,11.6528292128326,IS,Digestive diseases,ISL
India,76857.9642857143,0.318429524763273,IN,Digestive diseases,IND
Indonesia,173,0.000716754708454925,ID,Digestive diseases,IDN
Iran (Islamic Republic of),2122,0.0087916386782737,IR,Digestive diseases,IRN
Israel,69456.6,0.287765000481331,IL,Digestive diseases,ISR
Italy,212293.526921327,0.879551358354704,IT,Digestive diseases,ITA
Japan,1243278.46795635,5.15101558282277,JP,Digestive diseases,JPN
Jordan,281,0.00116420851488921,JO,Digestive diseases,JOR
Kenya,5192.08333333333,0.0215112726928151,KE,Digestive diseases,KEN
Latvia,12946.6666666667,0.0536392155614437,LV,Digestive diseases,LVA
Lebanon,3286,0.0136141963698433,LB,Digestive diseases,LBN
Lithuania,25538.6832039337,0.105809083434441,LT,Digestive diseases,LTU
Malawi,4969.33333333333,0.0205883992170443,MW,Digestive diseases,MWI
Malaysia,6120,0.025355715697943,MY,Digestive diseases,MYS
Mauritius,9764.5,0.0404552101197001,MU,Digestive diseases,MUS
Mexico,30649.0032679739,0.126981603478443,MX,Digestive diseases,MEX
Mozambique,35,0.000145008178011112,MZ,Digestive diseases,MOZ
Netherlands,485848.642505743,2.01291504111228,NL,Digestive diseases,NLD
New Zealand,130895.464339465,0.542311794108122,NZ,Digestive diseases,NZL
Nigeria,1086.75,0.00450250392724503,NG,Digestive diseases,NGA
Norway,110312.417668081,0.457034362801405,NO,Digestive diseases,NOR
Pakistan,64655.0428571429,0.267871713255561,PK,Digestive diseases,PAK
Peru,95.0866013071895,0.000393952423109273,PE,Digestive diseases,PER
Philippines,60882.2611111111,0.252240735911971,PH,Digestive diseases,PHL
Poland,86277.9069958281,0.357457202745063,PL,Digestive diseases,POL
Portugal,4065.78260869565,0.0168449065221778,PT,Digestive diseases,PRT
Puerto Rico,11332.25,0.0469505407218978,PR,Digestive diseases,PRI
Republic of Ireland,26848.7292356798,0.11123672309656,IE,Digestive diseases,IRL
Republic of Korea,385113.403968254,1.59555980105982,KR,Digestive diseases,KOR
Romania,15631.8445165945,0.064764151208696,RO,Digestive diseases,ROU
Russian Federation,2211.39513305322,0.00916201083161966,RU,Digestive diseases,RUS
Saudi Arabia,984,0.0040768013475124,SA,Digestive diseases,SAU
Serbia,28.8333333333333,0.000119459118075821,RS,Digestive diseases,SRB
Singapore,144130.627777778,0.597146277990095,SG,Digestive diseases,SGP
Slovakia,5930.84114044168,0.0245720133671084,SK,Digestive diseases,SVK
Slovenia,5137.6,0.0212855432957111,SI,Digestive diseases,SVN
South Africa,1127.08660130719,0.00466962212903692,ZA,Digestive diseases,ZAF
Spain,170425.805330418,0.706089586201155,ES,Digestive diseases,ESP
Sri Lanka,18901.9,0.0783122879985211,LK,Digestive diseases,LKA
Sweden,667025.048187561,2.76354534072721,SE,Digestive diseases,SWE
Switzerland,6974.18508615567,0.028894682070163,CH,Digestive diseases,CHE
Thailand,1609.75,0.00666934041581107,TH,Digestive diseases,THA
Turkey,787,0.00326061245984986,TR,Digestive diseases,TUR
Uganda,864,0.00357963045147431,UG,Digestive diseases,UGA
Ukraine,614.071428571429,0.0025441536864521,UA,Digestive diseases,UKR
United Arab Emirates,493,0.00204254376455652,AE,Digestive diseases,ARE
United Kingdom,7421689.13789213,30.7487319900171,GB,Digestive diseases,GBR
United Republic of Tanzania,914,0.00378678499149018,TZ,Digestive diseases,TZA
United States,4623028.56859507,19.1536271321511,US,Digestive diseases,USA
Venezuela,40.3366013071895,0.000167118201791891,VE,Digestive diseases,VEN
Viet Nam,54.75,0.000226834221317382,VN,Digestive diseases,VNM
Angola,6420.75,0.0243524780997433,AO,Mental disorders,AGO
Argentina,586.047619047619,0.00222274840295352,AR,Mental disorders,ARG
Australia,542052.018304898,2.05588286488209,AU,Mental disorders,AUS
Austria,61740.3085541909,0.234167272037897,AT,Mental disorders,AUT
Belgium,111547.609486592,0.423075297605566,BE,Mental disorders,BEL
Bosnia and Herzegovina,3982.09090909091,0.0151031860226333,BA,Mental disorders,BIH
Brazil,866.875757575758,0.00328786713414507,BR,Mental disorders,BRA
Bulgaria,96322.368627451,0.365329341979581,BG,Mental disorders,BGR
Canada,124001.943103465,0.470311817739788,CA,Mental disorders,CAN
China,374721.25,1.42123444054564,CN,Mental disorders,CHN
Colombia,248,0.00094060889596018,CO,Mental disorders,COL
Costa Rica,998.209090909091,0.00378598528603796,CR,Mental disorders,CRI
Croatia,872.6,0.00330957791376957,HR,Mental disorders,HRV
Czech Republic,35642.0483193277,0.135182369836299,CZ,Mental disorders,CZE
Denmark,1144629.06900812,4.34132372936957,DK,Mental disorders,DNK
Estonia,55198.3,0.209354887184995,EE,Mental disorders,EST
Faeroe Islands,212,0.000804068894933702,FO,Mental disorders,FRO
Finland,507535.339972119,1.92496877335464,FI,Mental disorders,FIN
France,150119.605020959,0.569370306212673,FR,Mental disorders,FRA
Georgia,25008.8714285714,0.094853092514672,GE,Mental disorders,GEO
Germany,513588.076876881,1.94792545955434,DE,Mental disorders,DEU
Greece,101460.234674639,0.384816126295053,GR,Mental disorders,GRC
Hungary,10582.5726495726,0.0401373466787618,HU,Mental disorders,HUN
Iceland,1431540.73220946,5.42951591792567,IS,Mental disorders,ISL
India,17150,0.0650461393778915,IN,Mental disorders,IND
Indonesia,7267.5,0.0275640127072202,ID,Mental disorders,IDN
Israel,139798.788095238,0.530225740834004,IL,Mental disorders,ISR
Italy,92921.194589724,0.352429444573957,IT,Mental disorders,ITA
Japan,445100.733035714,1.68816818182173,JP,Mental disorders,JPN
Mexico,3046.20909090909,0.011553594233322,MX,Mental disorders,MEX
Netherlands,420710.638348743,1.59566197199965,NL,Mental disorders,NLD
New Zealand,12089.4836601307,0.0458527253156621,NZ,Mental disorders,NZL
Norway,762493.383306563,2.8919679816489,NO,Mental disorders,NOR
Pakistan,11980,0.0454374781193668,PK,Mental disorders,PAK
Peru,6818,0.0258591590832924,PE,Mental disorders,PER
Poland,44767.0249965721,0.169791378860675,PL,Mental disorders,POL
Portugal,70547.1162464986,0.267569536797555,PT,Mental disorders,PRT
Qatar,487,0.00184708279166374,QA,Mental disorders,QAT
Republic of Ireland,149958.827777778,0.568760513852977,IE,Mental disorders,IRL
Republic of Korea,23994.5,0.0910058070730506,KR,Mental disorders,KOR
Romania,24971.4242424243,0.094711063658145,RO,Mental disorders,ROU
Russian Federation,41369.1064158064,0.156903828679963,RU,Mental disorders,RUS
Saudi Arabia,292,0.00110749111943699,SA,Mental disorders,SAU
Serbia,25008.8714285714,0.094853092514672,RS,Mental disorders,SRB
Singapore,8572.25,0.0325126395499784,SG,Mental disorders,SGP
Slovakia,694.047619047619,0.00263236840603295,SK,Mental disorders,SVK
Slovenia,872.6,0.00330957791376957,SI,Mental disorders,SVN
South Africa,2645.76623376623,0.0100348034520628,ZA,Mental disorders,ZAF
Spain,446649.624898304,1.69404278450251,ES,Mental disorders,ESP
Sweden,1169470.75901974,4.43554273991641,SE,Mental disorders,SWE
Switzerland,137308.649579832,0.520781198738181,CH,Mental disorders,CHE
The former Yugoslav Republic of Macedonia,4366.3,0.0165604057356086,MK,Mental disorders,MKD
Turkey,586.047619047619,0.00222274840295352,TR,Mental disorders,TUR
Uganda,1295,0.00491164725914691,UG,Mental disorders,UGA
Ukraine,20642.5714285714,0.0782926867790634,UA,Mental disorders,UKR
United Arab Emirates,2575.06623376623,0.00976665406115805,AE,Mental disorders,ARE
United Kingdom,13858997.0203844,52.5640963163677,GB,Mental disorders,GBR
United States,3110575.478457,11.7977216394849,US,Mental disorders,USA
Australia,150236.632608696,1.1118238735245,AU,Musculoskeletal disorders,AUS
Austria,3759.78260869565,0.0278242129833792,AT,Musculoskeletal disorders,AUT
Belgium,16096.7111801242,0.119123461865019,BE,Musculoskeletal disorders,BEL
Canada,124735.799275362,0.923105351267575,CA,Musculoskeletal disorders,CAN
China,19891.5,0.14720673777224,CN,Musculoskeletal disorders,CHN
Czech Republic,3486.88888888889,0.0258046672351307,CZ,Musculoskeletal disorders,CZE
Denmark,3955.78260869565,0.0292747079487342,DK,Musculoskeletal disorders,DNK
Estonia,54957.365942029,0.406711135755537,EE,Musculoskeletal disorders,EST
Finland,16096.7111801242,0.119123461865019,FI,Musculoskeletal disorders,FIN
France,40744.2826086957,0.301527432606705,FR,Musculoskeletal disorders,FRA
Germany,38781.7834023464,0.287003987615263,DE,Musculoskeletal disorders,DEU
Greece,379711.094513458,2.81004607592452,GR,Musculoskeletal disorders,GRC
Hungary,3486.88888888889,0.0258046672351307,HU,Musculoskeletal disorders,HUN
Iceland,3011943.84166667,22.2898437666811,IS,Musculoskeletal disorders,ISL
India,6500,0.0481031493612627,IN,Musculoskeletal disorders,IND
Iran (Islamic Republic of),1176,0.00870296979212999,IR,Musculoskeletal disorders,IRN
Italy,55281.7834023464,0.409111982147699,IT,Musculoskeletal disorders,ITA
Japan,651794.185416667,4.82359277752315,JP,Musculoskeletal disorders,JPN
Jordan,664,0.00491392171936591,JO,Musculoskeletal disorders,JOR
Lebanon,664,0.00491392171936591,LB,Musculoskeletal disorders,LBN
Lithuania,3759.78260869565,0.0278242129833792,LT,Musculoskeletal disorders,LTU
Malaysia,2830,0.0209433711834421,MY,Musculoskeletal disorders,MYS
Netherlands,192091.821497585,1.42157255085774,NL,Musculoskeletal disorders,NLD
New Zealand,134205.282608696,0.993184116061009,NZ,Musculoskeletal disorders,NZL
Norway,1033333.85284679,7.64717117900588,NO,Musculoskeletal disorders,NOR
Poland,19428.9611801242,0.143783726397183,PL,Musculoskeletal disorders,POL
Portugal,3898.78260869565,0.0288528803312585,PT,Musculoskeletal disorders,PRT
Qatar,664,0.00491392171936591,QA,Musculoskeletal disorders,QAT
Republic of Ireland,5149.38260869565,0.0381079262683655,IE,Musculoskeletal disorders,IRL
Republic of Korea,24150,0.178721701088384,KR,Musculoskeletal disorders,KOR
Russian Federation,1690,0.0125068188339283,RU,Musculoskeletal disorders,RUS
Saudi Arabia,664,0.00491392171936591,SA,Musculoskeletal disorders,SAU
Slovakia,3759.78260869565,0.0278242129833792,SK,Musculoskeletal disorders,SVK
South Africa,637,0.00471410863740374,ZA,Musculoskeletal disorders,ZAF
Spain,123025.688164251,0.910449700467247,ES,Musculoskeletal disorders,ESP
Sweden,135177.788164251,1.00038112836771,SE,Musculoskeletal disorders,SWE
Turkey,1828,0.0135280856972905,TR,Musculoskeletal disorders,TUR
United Arab Emirates,664,0.00491392171936591,AE,Musculoskeletal disorders,ARE
United Kingdom,5849676.06469271,43.2904371469103,GB,Musculoskeletal disorders,GBR
United States,1392029.54649758,10.3016931062252,US,Musculoskeletal disorders,USA
Angola,6420.75,0.052729063428924,AO,Neurological disorders,AGO
Australia,2382010.13491533,19.561758905469,AU,Neurological disorders,AUS
Austria,40098.1258160957,0.329297452717811,AT,Neurological disorders,AUT
Belgium,119143.716292286,0.978442794616466,BE,Neurological disorders,BEL
Bulgaria,27507.2352941177,0.225897403664348,BG,Neurological disorders,BGR
Canada,46390.3173076923,0.380970756345476,CA,Neurological disorders,CAN
China,74903.6666666667,0.61513066086137,CN,Neurological disorders,CHN
Czech Republic,29852.6797385621,0.245158874501887,CZ,Neurological disorders,CZE
Denmark,151313.457954545,1.24263005445393,DK,Neurological disorders,DNK
Estonia,61731.8787878788,0.506960114035386,EE,Neurological disorders,EST
Finland,348367.569286514,2.86089563641143,FI,Neurological disorders,FIN
France,112508.934546254,0.92395604033954,FR,Neurological disorders,FRA
Germany,265270.882778578,2.17848151756076,DE,Neurological disorders,DEU
Greece,63356.9692684766,0.520305828948626,GR,Neurological disorders,GRC
Iceland,413359.352994228,3.39462703624524,IS,Neurological disorders,ISL
India,2078,0.0170651394004289,IN,Neurological disorders,IND
Iran (Islamic Republic of),1802,0.0147985472567723,IR,Neurological disorders,IRN
Israel,6010.83333333333,0.0493627087324726,IL,Neurological disorders,ISR
Italy,95042.1956573655,0.78051410866977,IT,Neurological disorders,ITA
Japan,439223.76875,3.60703312882604,JP,Neurological disorders,JPN
Malaysia,5012,0.0411599993623435,MY,Neurological disorders,MYS
Netherlands,263486.0925008,2.16382430154016,NL,Neurological disorders,NLD
New Zealand,132581.770833333,1.08880000059026,NZ,Neurological disorders,NZL
Norfolk Island,285,0.00234050275703669,NF,Neurological disorders,NFK
Norway,560154.882931203,4.60015455392296,NO,Neurological disorders,NOR
Poland,11374.5486111111,0.0934110960854506,PL,Neurological disorders,POL
Portugal,27507.2352941177,0.225897403664348,PT,Neurological disorders,PRT
Republic of Ireland,12392.2123015873,0.101768445816313,IE,Neurological disorders,IRL
Republic of Korea,26346.5,0.216365108379885,KR,Neurological disorders,KOR
Singapore,5012,0.0411599993623435,SG,Neurological disorders,SGP
Spain,281277.714308159,2.30993426607447,ES,Neurological disorders,ESP
Suriname,0.2,1.64245807511347e-06,SR,Neurological disorders,SUR
Sweden,529219.537540482,4.3461045147059,SE,Neurological disorders,SWE
Switzerland,57632.2323179272,0.473292626786974,CH,Neurological disorders,CHE
Turkey,4774.66666666667,0.0392109491132088,TR,Neurological disorders,TUR
United Kingdom,4559143.45692608,37.4410099321448,GB,Neurological disorders,GBR
United States,1014278.41732573,8.32954888474976,US,Neurological disorders,USA
Australia,975845.664148943,8.0608502317506,AU,Skin disease,AUS
Austria,20647.849338019,0.170558959511981,AT,Skin disease,AUT
Belgium,47644.8545624772,0.393564321748166,BE,Skin disease,BEL
Brazil,207.666666666667,0.00171540435093984,BR,Skin disease,BRA
Canada,109602.907671352,0.905361017793396,CA,Skin disease,CAN
China,325219.5,2.68643472862189,CN,Skin disease,CHN
Czech Republic,31926.8417950514,0.2637276564703,CZ,Skin disease,CZE
Denmark,62063.8771815248,0.512670842472151,DK,Skin disease,DNK
Egypt,1577,0.0130266099266395,EG,Skin disease,EGY
Estonia,316744.284982277,2.61642628215373,EE,Skin disease,EST
Ethiopia,1003,0.00828515520381697,ET,Skin disease,ETH
Finland,313415.550528495,2.58892969034728,FI,Skin disease,FIN
France,93666.3629584671,0.773719196897262,FR,Skin disease,FRA
Germany,208076.689942594,1.71879129658115,DE,Skin disease,DEU
Greece,43864.0730848861,0.362333652422585,GR,Skin disease,GRC
Hungary,10089.6775793651,0.083344511168008,HU,Skin disease,HUN
Iceland,563372.234453782,4.65366540375947,IS,Skin disease,ISL
India,3590.66666666667,0.0296602498688988,IN,Skin disease,IND
Iran (Islamic Republic of),2855.5,0.0235874981899296,IR,Skin disease,IRN
Israel,56866.1833333333,0.469735946924603,IL,Skin disease,ISR
Italy,161682.438752118,1.33555742651339,IT,Skin disease,ITA
Japan,234839.76875,1.93986433910492,JP,Skin disease,JPN
Latvia,2324.26315789474,0.019199283148227,LV,Skin disease,LVA
Lithuania,6084.04576659039,0.0502564939614427,LT,Skin disease,LTU
Malawi,864,0.00713696320647843,MW,Skin disease,MWI
Malaysia,380,0.00313894215099746,MY,Skin disease,MYS
Mozambique,35,0.000289113092855029,MZ,Skin disease,MOZ
Netherlands,227370.169704499,1.87816265674973,NL,Skin disease,NLD
New Zealand,20721.8790999237,0.171170473038484,NZ,Skin disease,NZL
Norway,72773.7212291438,0.601138160660785,NO,Skin disease,NOR
Pakistan,1436.66666666667,0.0118674040971921,PK,Skin disease,PAK
Poland,51067.7843870386,0.421839002554014,PL,Skin disease,POL
Portugal,3759.78260869565,0.0310572108132157,PT,Skin disease,PRT
Puerto Rico,946,0.00781431388116736,PR,Skin disease,PRI
Republic of Ireland,21649.5457665904,0.178833346728156,IE,Skin disease,IRL
Republic of Korea,9808,0.0810177489920607,KR,Skin disease,KOR
Romania,2628.20833333333,0.0217099839976389,RO,Skin disease,ROU
Russian Federation,7374.26315789474,0.0609141722601669,RU,Skin disease,RUS
Singapore,4437.5,0.0366554099869769,SG,Skin disease,SGP
Slovakia,6311.99094202899,0.0521394063806551,SK,Skin disease,SVK
Spain,156823.106609261,1.29541752522678,ES,Skin disease,ESP
Suriname,0.2,1.65207481631445e-06,SR,Skin disease,SUR
Sweden,133930.756609261,1.1063181506205,SE,Skin disease,SWE
Switzerland,26224.5719537815,0.216624774467344,CH,Skin disease,CHE
Turkey,5828.16666666667,0.0481428368764167,TR,Skin disease,TUR
Uganda,864,0.00713696320647843,UG,Skin disease,UGA
United Kingdom,5865457.21289962,48.4508707380071,GB,Skin disease,GBR
United States,1892085.84232355,15.6293368520392,US,Skin disease,USA
Australia,53298,2.71430159605897,AU,Substance use,AUS
Austria,3766.66666666667,0.191824634041717,AT,Substance use,AUT
China,1138,0.0579548053644622,CN,Substance use,CHN
Finland,12473,0.635211148779382,FI,Substance use,FIN
Germany,11121.6666666667,0.566391939363,DE,Substance use,DEU
Iceland,24024,1.22346770129687,IS,Substance use,ISL
Italy,8181,0.416632919759811,IT,Substance use,ITA
Japan,156296.76875,7.9597089736385,JP,Substance use,JPN
Mexico,2296,0.116928148608792,MX,Substance use,MEX
Republic of Korea,1371,0.0698207716649189,KR,Substance use,KOR
Switzerland,13247.6666666667,0.674662515992918,CH,Substance use,CHE
United Arab Emirates,502,0.0255653007846749,AE,Substance use,ARE
United Kingdom,882080.768195122,44.9216337754689,GB,Substance use,GBR
United States,793802.5,40.4258957691771,US,Substance use,USA
